,label,group,loco,prediction
0,1,1,0.0003848076,0.9875896
1,0,0,-0.02369541,0.12969235
2,1,1,0.0019222498,0.9878088
3,1,1,0.013795137,0.82700855
4,0,1,-0.0010418184,0.02698979
5,1,1,0.028513134,0.9267389
6,1,1,-0.0037868023,0.97580147
7,1,1,0.097453654,0.76764303
8,1,1,-0.000644505,0.99394506
9,0,1,0.04379578,0.17385948
10,0,0,-0.0026595145,0.07391909
11,0,0,-0.0044222325,0.048906773
12,1,0,0.029554367,0.80253255
13,0,1,-0.041166484,0.34883243
14,1,0,-0.0032320023,0.6517702
15,0,0,-0.014386043,0.14243953
16,1,1,-0.0012224317,0.9934069
17,1,1,0.031942442,0.24569654
18,0,0,-0.03222409,0.14635089
19,1,1,0.0017531514,0.96745133
20,1,1,0.0004950166,0.9870884
21,1,1,0.005151391,0.975968
22,1,1,0.011289358,0.95021516
23,1,1,0.003193438,0.96791524
24,1,1,0.0012274384,0.9881451
25,1,1,0.024707556,0.95390975
26,1,1,0.0074231625,0.95050275
27,1,0,-0.0012645125,0.856703
28,1,1,0.011773646,0.9754833
29,0,1,0.00019149669,0.016506657
30,1,1,0.030689657,0.89312834
31,1,1,0.022836328,0.8382372
32,1,1,0.090458155,0.6900901
33,1,1,-0.0049012303,0.96749496
34,1,0,0.001009345,0.8373802
35,0,1,0.023034602,0.182512
36,1,1,0.056197166,0.81486374
37,0,1,0.031182796,0.2673842
38,1,1,0.016294241,0.8670672
39,1,1,0.09529877,0.85897464
40,1,1,0.015673876,0.906404
41,1,1,0.019528747,0.83234715
42,1,1,0.044991374,0.8550582
43,1,1,0.028680623,0.8713216
44,0,0,-0.030299455,0.17175427
45,1,0,-0.002072394,0.9563616
46,1,1,0.00039583445,0.9737637
47,1,0,-0.019945443,0.8069652
48,1,1,0.012204349,0.9486517
49,1,0,-0.016501606,0.9132981
50,1,1,0.028846562,0.88937396
51,1,1,0.03895849,0.9068542
52,1,1,0.017662466,0.8513287
53,1,1,0.0016533732,0.98359275
54,0,1,-0.0067911223,0.04751794
55,1,1,0.06090343,0.86887693
56,0,1,-0.004273653,0.2278915
57,1,0,-0.014473617,0.7818822
58,1,0,-0.0077686906,0.6822662
59,0,0,-0.0162323,0.054155152
60,1,1,0.03592074,0.9120677
61,1,1,-0.000513494,0.9920014
62,0,1,-0.008844331,0.11318789
63,0,1,0.016851816,0.076360956
64,1,0,-0.0014109612,0.96809614
65,1,1,0.014481008,0.8691946
66,1,0,0.00457108,0.8849314
67,1,1,0.06783193,0.79186696
68,0,1,0.016533494,0.19626038
69,1,0,-0.005543649,0.8939862
70,1,0,-0.06075442,0.648881
71,1,1,0.00015056133,0.9945703
72,1,1,0.0067070127,0.7924843
73,1,0,-0.014671862,0.889248
74,0,1,0.03292215,0.6597483
75,1,1,-0.008387566,0.9163213
76,0,1,0.022649065,0.16599338
77,1,1,-0.023320675,0.59902096
78,1,1,0.009199202,0.98241156
79,1,1,0.008029044,0.7748959
80,0,0,-0.0058354735,0.5280074
81,1,1,-0.0058446527,0.9470944
82,1,0,-0.0062042475,0.89808387
83,1,0,0.00046384335,0.92133445
84,1,1,0.008257091,0.9472541
85,1,0,-0.0053729415,0.972692
86,1,0,-0.0070419908,0.83032244
87,0,1,0.007093597,0.04979092
88,1,1,0.066699564,0.63044935
89,0,1,0.1265907,0.5246387
90,1,1,-0.00036877394,0.9893981
91,1,1,0.0013939142,0.97366047
92,0,0,-0.002405107,0.84762156
93,1,1,0.002031386,0.94848186
94,1,1,-0.0014708638,0.92545485
95,0,1,0.0007857699,0.018429035
96,1,0,0.0013741851,0.98886067
97,1,1,0.027566731,0.90309584
98,1,1,0.02718854,0.831043
99,1,1,0.0055841804,0.9857509
100,1,1,0.009217501,0.97099125
101,1,1,0.020653546,0.6371157
102,1,0,-0.020036042,0.92883193
103,1,1,0.02720511,0.8344311
104,1,1,0.0015409589,0.9808703
105,0,1,0.03147231,0.20703693
106,0,1,0.028302506,0.17811434
107,1,1,0.035927832,0.86478263
108,1,0,-0.03075856,0.6678625
109,1,1,0.011640966,0.9462839
110,1,1,0.050261915,0.7472425
111,1,0,-0.008604467,0.75013673
112,1,1,0.08464134,0.87115407
113,0,0,-0.023707986,0.07334672
114,1,1,0.020068586,0.89113617
115,1,1,0.0013640523,0.98833084
116,0,0,-0.06643045,0.41840348
117,1,0,-0.022316933,0.88393915
118,0,0,-0.023250103,0.3416454
119,1,1,0.0037409663,0.96107936
120,0,0,-0.032478362,0.12988482
121,1,0,-0.0020837784,0.9776643
122,1,1,0.06304121,0.90441614
123,1,1,-0.008753002,0.86799085
124,0,0,-0.08759937,0.41434947
125,1,1,0.04075384,0.7616899
126,1,1,0.07935566,0.77266777
127,0,1,0.091076374,0.52464664
128,1,1,0.03031969,0.8323485
129,0,0,-0.07861966,0.31976798
130,1,0,-0.011738777,0.830858
131,0,1,0.019487154,0.07094081
132,1,1,0.016052723,0.91478175
133,1,1,-0.0025852323,0.73379374
134,1,0,-0.026739776,0.79085934
135,1,0,-0.00018924475,0.9880223
136,1,1,0.007107973,0.98263574
137,0,1,-0.012258172,0.64871305
138,1,1,0.0019100904,0.97734934
139,1,0,0.0043055415,0.9587225
140,1,1,0.037912965,0.9427486
141,1,0,-0.028677106,0.55604506
142,1,1,0.04716021,0.77169836
143,0,1,0.0058624744,0.34311008
144,1,0,-0.0063676834,0.9074472
145,1,1,0.04189384,0.8928749
146,1,0,-0.009132862,0.84804416
147,1,0,0.001627326,0.9679298
148,1,1,0.068633616,0.7796707
149,1,1,-0.0008830428,0.99535793
150,1,1,0.009087205,0.92049015
151,1,1,7.998943e-05,0.98744816
152,1,1,0.048897862,0.6131255
153,1,0,-0.02232492,0.88557625
154,1,1,0.0399251,0.88462716
155,0,0,0.006090939,0.5258101
156,1,1,0.0032978058,0.984303
157,1,1,0.010187313,0.12751977
158,1,1,0.012520671,0.83577
159,1,1,0.0022653937,0.99325126
160,1,1,0.0023446083,0.9902705
161,1,0,-0.004339218,0.9263352
162,1,1,0.0016780496,0.96077037
163,1,1,0.021333247,0.25181773
164,1,1,0.024065912,0.8368293
165,1,1,0.0049643517,0.9829883
166,0,0,-0.0051217973,0.074573085
167,1,0,-0.028759778,0.82698023
168,1,0,-0.0009111762,0.9722763
169,0,1,0.0753755,0.515734
170,0,1,0.0031435098,0.03152685
171,1,0,-0.035716593,0.8696835
172,0,0,-0.017294079,0.15998466
173,1,1,0.008580327,0.98066795
174,0,1,-0.011874199,0.28433362
175,0,0,-0.070933014,0.3465761
176,1,1,-0.011372805,0.7882638
177,1,1,-0.0015693903,0.97059476
178,1,1,0.0034329891,0.93729556
179,1,1,0.0129053,0.7287488
180,0,1,0.019909203,0.4251768
181,0,1,0.07580002,0.28951
182,0,1,0.010154307,0.1573656
183,1,1,0.0013689399,0.99268794
184,0,1,-0.0021190867,0.09245428
185,1,1,0.00022339821,0.9750415
186,0,0,-0.016162336,0.14501321
187,1,1,-0.014515042,0.77431905
188,0,1,-0.0016239882,0.19652882
189,1,0,-0.009672761,0.7149094
190,0,1,-0.02424869,0.28878978
191,0,1,0.053354084,0.82819366
192,0,1,0.022045493,0.22373955
193,1,1,0.004955113,0.9875759
194,0,1,0.020601705,0.20016234
195,0,0,-0.020872056,0.28952423
196,1,0,-2.0980835e-05,0.9888206
197,0,0,-0.024591371,0.13868548
198,1,1,0.00265342,0.98539656
199,0,1,0.017534643,0.19727027
200,1,1,0.00046360493,0.9500278
201,1,1,0.16799045,0.73231226
202,1,1,0.024487257,0.88953227
203,0,1,0.0038535297,0.29817793
204,1,1,0.0053269267,0.9649123
205,1,1,0.049455225,0.8568949
206,1,1,0.0022459626,0.98450065
207,1,1,0.008048356,0.8849581
208,1,1,0.040522456,0.80838
209,1,1,-0.00185889,0.9901391
210,1,1,0.0027362108,0.98792297
211,1,0,-0.0013828874,0.9878056
212,0,1,-0.0023675114,0.09336703
213,0,1,-0.00018447638,0.264852
214,1,1,-0.0003527999,0.98925483
215,1,0,-0.0018634796,0.97984135
216,1,1,0.009149373,0.7369376
217,1,1,0.06608462,0.77097625
218,1,1,0.1065169,0.74490964
219,1,0,0.005455017,0.955629
220,1,1,0.03472513,0.8960151
221,1,0,-0.00062556565,0.1415399
222,1,1,0.04556948,0.90152395
223,1,1,0.0123851895,0.9713705
224,1,1,0.012836814,0.9665241
225,1,1,0.05935073,0.73089296
226,0,1,0.0046664327,0.15546653
227,0,1,0.00092218816,0.047069605
228,0,1,-0.004820287,0.63282174
229,1,1,0.023834884,0.7567827
230,0,1,0.035980165,0.44794267
231,1,1,0.0017587543,0.95799637
232,1,1,0.0011439323,0.96198505
233,1,1,0.0532192,0.8966515
234,1,1,0.0004684925,0.99609804
235,0,1,0.018576562,0.22818385
236,0,1,0.04924506,0.553826
237,0,1,-0.006812334,0.6414769
238,1,0,0.0010133386,0.9757603
239,1,1,-0.009298444,0.893883
240,0,0,-0.00408596,0.02963343
241,1,1,-0.0007919669,0.98810565
242,0,1,0.019888468,0.0827629
243,1,0,-0.005149007,0.9800648
244,1,0,-0.025629222,0.8704532
245,1,1,0.026732385,0.936561
246,1,1,7.861853e-05,0.99046856
247,1,1,0.06876251,0.54442275
248,1,1,0.09666014,0.7697242
249,0,0,-0.06383219,0.46235147
250,1,0,-0.0027087927,0.9858451
251,1,0,0.00576365,0.9039985
252,0,0,-0.008490026,0.054017402
253,1,1,0.02436775,0.8950544
254,1,1,0.011735916,0.8776639
255,1,1,0.016307473,0.9516042
256,1,1,0.016808271,0.9512619
257,0,1,0.009250015,0.23373565
258,1,0,-0.0012170672,0.98748904
259,1,0,0.00015318394,0.99098325
260,1,1,0.03733164,0.9374837
261,1,0,0.03984493,0.8575797
262,1,1,0.044365585,0.5930398
263,1,0,0.00808537,0.9136915
264,1,1,0.0153903365,0.97192943
265,0,1,0.001570046,0.31955716
266,1,1,0.0072681904,0.98419005
267,1,0,0.016597748,0.86797816
268,0,1,0.005099982,0.13384779
269,1,1,0.0026424527,0.9593928
270,1,1,0.0031792521,0.98128617
271,1,0,0.0004043579,0.99146867
272,1,1,0.06168008,0.8649801
273,0,1,0.07195091,0.7390851
274,0,1,0.02210807,0.14009377
275,1,1,0.008943677,0.9796673
276,1,0,0.004486561,0.93572116
277,1,1,-0.001834333,0.9021857
278,0,0,-0.05024463,0.52686965
279,1,1,0.01925999,0.9198944
280,1,1,0.0007842183,0.97214997
281,1,1,0.0042132735,0.9804183
282,1,1,-0.006618023,0.9360588
283,1,1,-0.0009468198,0.99518317
284,1,1,0.021018147,0.88652843
285,1,0,-0.032869846,0.12349555
286,1,1,0.075781286,0.5841859
287,1,1,0.055775404,0.90401536
288,1,0,-0.00020223856,0.98111594
289,0,1,0.028513163,0.39614683
290,1,1,0.011030674,0.9841218
291,0,1,0.0522753,0.20274684
292,1,0,-0.024003446,0.8730236
293,1,1,0.00982517,0.8605162
294,1,1,0.034042835,0.91211
295,0,0,-0.008628234,0.061139517
296,1,0,-0.0013794303,0.97389406
297,1,1,0.004066229,0.9503209
298,1,1,0.02453351,0.90956855
299,1,1,0.0044291615,0.9648394
300,1,0,-0.0031619668,0.9683887
301,0,0,0.0032203794,0.38555834
302,0,1,0.010727137,0.21148239
303,1,1,-0.001254797,0.8851525
304,0,1,0.03608209,0.8653385
305,1,1,0.0044316053,0.99273646
306,1,0,-0.002167225,0.9866832
307,0,1,0.015093852,0.06812188
308,0,0,-0.11169094,0.47454232
309,1,1,0.117847085,0.82550704
310,1,1,0.02938354,0.93257487
311,1,1,0.02354008,0.9513287
312,1,0,-0.003686905,0.93543553
313,0,1,0.018793628,0.09471903
314,1,1,0.022845805,0.9518598
315,0,1,0.014454365,0.08977064
316,1,1,0.015049875,0.9127367
317,1,0,0.00363487,0.77100724
318,1,1,0.022322297,0.890485
319,1,0,-0.0060742497,0.9040728
320,0,1,0.029454425,0.14647014
321,0,1,0.020507514,0.5063415
322,1,1,0.0043875575,0.97702503
323,1,1,0.030430794,0.8306252
324,1,0,-0.009238005,0.9421293
325,1,1,0.008267522,0.9718345
326,1,1,0.0017578602,0.95069754
327,1,0,-0.0006760955,0.9539488
328,1,1,0.030000567,0.66731405
329,1,1,0.032938957,0.8730382
330,1,1,0.014554203,0.92246133
331,0,0,-0.07901913,0.43478173
332,0,0,-0.013869319,0.04257987
333,0,0,-0.052908093,0.16430877
334,0,1,0.00489372,0.08743154
335,0,1,0.03700459,0.6683041
336,1,0,0.0007250905,0.93772566
337,0,0,-0.009634227,0.1878376
338,1,1,0.050643623,0.6955693
339,1,1,0.07473081,0.6916829
340,1,0,-0.03823173,0.30496556
341,1,0,-0.0010912418,0.9324249
342,1,1,0.024009526,0.8831296
343,1,1,0.032943964,0.80251914
344,1,1,0.010589123,0.8748149
345,1,0,0.001778841,0.9849947
346,1,1,0.013031125,0.95780504
347,1,0,-5.6684017e-05,0.9702912
348,1,1,0.008941233,0.983496
349,0,1,0.035879686,0.24389532
350,1,0,-0.02629286,0.8577493
351,0,0,-0.06014517,0.2869653
352,1,1,0.00023239851,0.99788034
353,0,1,0.018937789,0.13871008
354,1,1,0.010482371,0.85714155
355,0,1,0.039113343,0.10467816
356,1,1,-0.00012725592,0.9940328
357,0,1,0.06934765,0.5037923
358,1,1,0.041092634,0.9289169
359,0,0,-0.023586959,0.086432815
360,1,1,-0.026821077,0.6267993
361,1,1,-0.00070655346,0.9671464
362,1,0,0.0127213,0.5524964
363,1,1,0.01275748,0.90513486
364,0,1,0.02478379,0.2860766
365,1,1,-0.00074219704,0.98265326
366,1,1,0.00033152103,0.9967616
367,1,0,0.007630646,0.8097798
368,0,1,0.012276411,0.20848766
369,1,0,-0.0073022246,0.9132221
370,1,1,0.027172446,0.9391809
371,1,1,0.0050843954,0.9662958
372,1,0,-0.026704073,0.7648473
373,1,1,0.020727515,0.9127223
374,0,0,-0.005659558,0.038148597
375,0,0,-0.017040566,0.2418601
376,1,1,0.03993696,0.83117265
377,1,1,0.004117489,0.96773773
378,0,1,0.0036126617,0.031230751
379,1,0,-0.0010539889,0.9856011
380,1,1,-0.005095601,0.828536
381,0,0,-0.061881095,0.4572486
382,1,0,-0.0042105913,0.87897897
383,1,1,0.09792048,0.6777772
384,1,1,0.04984814,0.80929
385,1,0,0.014308393,0.88354385
386,1,0,-0.015601456,0.88918614
387,1,1,0.028113067,0.80711806
388,1,1,0.0054419637,0.96411264
389,1,0,-0.0063112974,0.9029989
390,1,1,0.0443058,0.75965333
391,1,0,-0.01414597,0.9054648
392,1,1,0.014173031,0.86265934
393,1,0,0.00011587143,0.97763413
394,1,1,0.01921159,0.9100618
395,1,1,0.044883847,0.87563676
396,1,0,0.021473527,0.81363004
397,1,1,0.011979878,0.8036137
398,0,1,0.008214474,0.3098311
399,1,0,-0.00013661385,0.9796785
400,1,1,0.005971372,0.96783686
401,1,1,0.057819664,0.83931804
402,0,1,0.041278124,0.63148093
403,1,1,0.053272486,0.8271975
404,1,1,0.00031626225,0.95512426
405,0,1,-0.046833456,0.5160156
406,1,1,5.90086e-05,0.99715865
407,1,1,0.071989655,0.87161666
408,1,1,0.0023711324,0.98189443
409,0,1,0.067129165,0.53484434
410,1,0,0.014731288,0.7798133
411,1,1,0.005888641,0.99026626
412,0,1,-0.019589752,0.49652216
413,1,1,0.0069543123,0.9517689
414,0,0,-0.0074920356,0.09712547
415,1,1,0.0030003786,0.9920825
416,0,1,0.08265859,0.28557318
417,1,0,-0.0055119395,0.72435766
418,1,0,-0.0012885332,0.9610243
419,0,0,-0.036938787,0.41073513
420,1,0,0.00069803,0.9824295
421,1,1,0.005133033,0.9859167
422,1,1,0.010762155,0.921375
423,1,1,0.027045548,0.9443138
424,0,0,-0.0025018454,0.9092248
425,1,1,0.009867728,0.87005055
426,1,1,0.0011394024,0.9614274
427,1,1,0.0003169179,0.9929589
428,1,1,0.024945319,0.8025158
429,0,0,0.0069487095,0.89221567
430,1,1,0.00054579973,0.9810172
431,0,1,0.02345565,0.08285006
432,1,1,0.011252403,0.9415631
433,1,1,0.03897178,0.9102625
434,1,1,0.15910566,0.6788577
435,0,1,0.0075497627,0.6362486
436,1,1,0.0059753656,0.9877529
437,1,0,-0.003486991,0.9710007
438,1,1,0.0007570982,0.7648177
439,0,0,-0.051282674,0.27600503
440,1,1,-0.0003144145,0.94830173
441,1,0,-0.011990786,0.86621207
442,1,1,0.023286998,0.84718436
443,0,1,0.0019004345,0.21039963
444,0,0,-0.051953718,0.20421575
445,1,0,-0.0005457401,0.9738989
446,0,0,-0.004106246,0.05507674
447,1,1,0.0062716007,0.98386467
448,1,0,0.002751708,0.9706843
449,0,1,-0.056656748,0.2600677
450,1,1,0.025852323,0.96597254
451,1,0,-0.007463932,0.97512484
452,1,1,0.0059179068,0.8674524
453,1,1,0.0040062666,0.9811872
454,0,1,0.022267297,0.20712054
455,1,0,-0.0060865283,0.9695867
456,1,1,0.021786928,0.92707044
457,0,1,0.027935535,0.42568576
458,1,0,-0.07594025,0.7151992
459,1,1,0.017589152,0.83434796
460,1,1,0.0064248443,0.9054357
461,1,1,0.06644362,0.82627994
462,1,0,-0.0486553,0.3777473
463,1,1,0.005735874,0.9096892
464,1,1,0.0022630095,0.86256343
465,1,1,-0.0052869916,0.91794807
466,0,0,-0.008147836,0.13273084
467,1,1,0.025043488,0.9255534
468,1,0,-0.0062872767,0.8326101
469,1,1,0.0098618865,0.9722953
470,0,1,0.006360948,0.3154349
471,0,0,-0.031050175,0.20715547
472,0,1,0.09105407,0.28662944
473,1,1,0.010005653,0.94617194
474,0,1,-0.00012409687,0.3979646
475,0,0,0.008823872,0.4994865
476,1,1,0.025826454,0.9389181
477,1,1,0.012287855,0.8248015
478,1,1,0.00656116,0.9770981
479,1,1,-0.01698786,0.87558824
480,1,0,-0.0027247071,0.96098894
481,1,1,0.038739204,0.33346304
482,1,0,0.030284286,0.7905218
483,1,0,-0.0039476156,0.95300573
484,1,1,0.0016828179,0.9903324
485,0,1,0.014067158,0.24550273
486,1,1,-0.005154848,0.9737699
487,1,0,0.009970605,0.88655853
488,1,1,0.015991867,0.97555125
489,1,1,0.019214869,0.9211272
490,1,1,-0.0013947487,0.9430916
491,0,0,-0.0066127367,0.06120104
492,1,0,-0.0017539263,0.9695295
493,1,1,0.0032773018,0.97985315
494,1,1,0.02164948,0.94202024
495,0,1,0.0028279424,0.5990473
496,0,1,0.04062085,0.13889211
497,1,1,-0.0006752014,0.9893133
498,1,1,0.025966585,0.9291319
499,1,1,0.023949802,0.8999649
500,0,0,-0.027712077,0.33867264
501,1,1,0.05094689,0.73160756
502,1,1,0.004547119,0.98122704
503,0,1,-0.007083744,0.16360195
504,0,0,-0.004297875,0.07983124
505,0,1,0.050400198,0.7247079
506,1,1,0.00024604797,0.9877314
507,0,1,0.043478936,0.18569289
508,1,1,0.0032601357,0.950452
509,1,1,0.046503723,0.91763306
510,0,1,0.04531589,0.11429341
511,1,1,0.01383388,0.9763253
512,1,1,-0.002005875,0.968746
513,1,1,0.050457776,0.875701
514,1,1,-0.0065550804,0.9192954
515,1,0,-0.0033003092,0.94044524
516,1,1,0.004252434,0.99026346
517,0,0,-0.034461915,0.63729125
518,1,1,0.049273312,0.7607219
519,1,1,0.0010079741,0.9892532
520,1,1,0.011296511,0.9063548
521,0,0,-0.048487663,0.62082416
522,0,1,0.0044744294,0.034282517
523,1,0,-0.001491785,0.98909235
524,1,0,-0.015054405,0.93191564
525,1,1,0.08107805,0.5663561
526,1,0,-0.008525908,0.90342504
527,1,1,0.00045585632,0.9958333
528,0,1,0.007415876,0.100450926
529,1,1,0.05605924,0.90783924
530,1,1,0.03054595,0.70329297
531,0,0,-0.034188896,0.36402437
532,1,1,0.004569888,0.98154783
533,1,1,0.0028250813,0.9657196
534,1,1,0.0027049184,0.9231043
535,0,1,-0.032615572,0.28329453
536,1,0,0.010321021,0.733062
537,1,0,-0.0025046468,0.93806756
538,0,1,0.022896186,0.091144174
539,1,0,0.005520344,0.80085516
540,0,1,-0.00216344,0.3878726
541,1,1,-0.050001323,0.44305384
542,0,1,0.059016258,0.3419671
543,0,1,0.060193866,0.51267177
544,1,1,0.0008792877,0.96869653
545,0,1,0.017842412,0.092797756
546,1,0,-8.440018e-05,0.95426816
547,1,1,-0.0039315224,0.95112664
548,0,0,-0.05005899,0.14493969
549,1,1,0.00096672773,0.99684864
550,1,0,-0.0028318167,0.98344225
551,1,1,0.0016474128,0.9810052
552,0,1,0.030143619,0.27461457
553,1,1,0.024132371,0.895566
554,1,0,0.024032354,0.5394908
555,0,1,-0.026197284,0.17909843
556,0,0,-0.027244732,0.15129274
557,0,0,-0.031010121,0.22176147
558,0,1,0.023259819,0.40059528
559,0,1,0.06462692,0.28430012
560,1,1,0.0045755506,0.89426386
561,0,1,-0.0023944527,0.23247738
562,1,0,-0.011379242,0.8454988
563,0,1,0.038142115,0.32273626
564,1,1,0.032619715,0.7926724
565,1,0,0.024035811,0.713322
566,0,1,0.007994413,0.32881802
567,1,1,-0.000497818,0.992192
568,1,1,0.002462387,0.915958
569,0,0,-0.010972865,0.063397825
570,0,0,-0.06031303,0.17779651
571,1,1,0.008886099,0.953399
572,1,0,-0.0027745962,0.98829824
573,1,0,-0.02425623,0.74473715
574,1,1,0.037235737,0.8770215
575,1,0,0.0033903122,0.83369356
576,1,0,-0.0020264983,0.9610333
577,1,0,-0.011187017,0.8395778
578,0,1,0.033651978,0.20911746
579,1,1,0.04585445,0.842255
580,0,1,0.08250943,0.5725945
581,1,1,0.011738241,0.9083106
582,1,0,-0.03320986,0.8719354
583,0,1,0.0180443,0.1207896
584,1,0,0.0027078986,0.96915674
585,0,0,-0.030339718,0.19110817
586,1,1,0.026319921,0.9201254
587,1,1,0.0139840245,0.9219957
588,0,1,0.078945816,0.6681916
589,0,1,-0.050123632,0.60868895
590,1,0,0.0005634427,0.94422495
591,1,0,-0.00063323975,0.8417985
592,1,0,-0.0040385127,0.96590525
593,0,0,-0.02471295,0.26507172
594,0,1,0.009916067,0.18282522
595,0,0,-0.01844246,0.077083886
596,0,0,0.003345944,0.09878818
597,0,1,0.04259813,0.3059491
598,0,1,-0.0025832057,0.55064267
599,1,1,0.0041610003,0.96285874
600,1,0,-0.0018666983,0.95794946
601,0,0,-0.06486231,0.28981525
602,0,0,-0.011514232,0.13364044
603,0,0,-0.058186054,0.42868212
604,1,0,-0.021366477,0.77921754
605,1,1,0.10541308,0.7943581
606,1,1,0.020654202,0.8347557
607,0,0,-0.0034445822,0.25789455
608,1,1,0.033785462,0.8665616
609,1,1,0.00029325485,0.947321
610,0,0,-0.008908682,0.08411721
611,0,0,-0.016673744,0.37486756
612,1,0,-0.0032066703,0.82975066
613,1,0,0.000113487244,0.91272986
614,0,0,-0.04967916,0.3373008
615,1,1,0.08064419,0.49976116
616,1,1,0.030623913,0.923139
617,1,1,0.012721956,0.96083355
618,0,0,-0.01548633,0.15135396
619,1,1,0.02373439,0.9376622
620,1,1,0.0017026663,0.96095634
621,0,1,0.0178563,0.5884212
622,0,1,0.081422,0.49347216
623,1,0,0.004668802,0.30304575
624,0,1,-0.05467415,0.39826903
625,1,1,-5.2452087e-06,0.9891025
626,1,1,0.010233223,0.97418064
627,0,1,0.037960753,0.1640439
628,1,1,0.019374728,0.9592359
629,1,1,0.00083673,0.9672501
630,1,0,0.0004659891,0.89400864
631,0,1,-0.01102677,0.30780885
632,1,1,-0.023235142,0.81299853
633,0,0,-0.006266445,0.40638113
634,0,0,-0.0077319294,0.06306299
635,1,1,-0.0148970485,0.85342103
636,1,0,0.0009737015,0.9783537
637,1,1,0.026132345,0.7147883
638,1,0,0.008627057,0.88712174
639,0,1,0.0067799687,0.1472067
640,0,0,-0.02312079,0.053340346
641,1,1,0.008610547,0.77572733
642,0,1,0.03175582,0.26038796
643,1,1,-0.0021060705,0.9574218
644,1,1,0.0012668967,0.938596
645,0,1,0.06808317,0.75279224
646,1,1,0.08376825,0.78356886
647,0,0,-0.028008461,0.5014652
648,0,1,-0.002739884,0.084335275
649,0,1,0.008779317,0.15359813
650,1,1,0.077472866,0.5711081
651,0,1,0.035387337,0.48099762
652,0,1,0.05178848,0.46031594
653,0,1,0.05372688,0.26406112
654,1,1,0.0013321638,0.9900058
655,1,1,0.0071669817,0.8386555
656,0,1,0.00243444,0.0748624
657,1,1,0.013012707,0.9494391
658,1,0,-0.010309517,0.58012825
659,1,1,0.011897206,0.8225718
660,1,1,0.04287702,0.8722986
661,0,1,0.011001937,0.075296484
662,1,1,0.01833433,0.90426743
663,1,1,0.04533893,0.34503153
664,1,0,-0.0017591715,0.9719158
665,1,1,0.058505774,0.8463563
666,1,1,0.042785168,0.80877393
667,1,0,-0.017153919,0.85347617
668,0,1,-0.002170056,0.076109156
669,1,1,-0.003046453,0.9746917
670,1,1,0.016674936,0.95738703
671,1,1,0.022657156,0.94257224
672,1,1,0.04313916,0.80812746
673,1,1,0.0037688613,0.983469
674,0,1,0.03534943,0.8613519
675,1,0,-0.0035338998,0.953444
676,1,1,0.010504603,0.9544734
677,0,1,0.05733618,0.31162256
678,1,1,0.008672476,0.7737088
679,1,0,-0.014227092,0.89544284
680,1,0,0.008669078,0.91808814
681,1,1,-0.0012301207,0.94764143
682,1,1,0.019752502,0.93085164
683,1,1,0.0076842904,0.86563605
684,1,1,0.052140832,0.8016994
685,1,1,0.06405467,0.8353283
686,1,1,-0.0027542114,0.94731075
687,1,1,0.07884264,0.7724375
688,1,1,0.0056444407,0.96668756
689,1,1,0.015687943,0.8660725
690,1,1,0.007522762,0.9596236
691,1,0,-0.058035553,0.7575825
692,1,1,0.0016794205,0.8834469
693,1,1,0.014159739,0.9597437
694,1,1,0.0010070801,0.95282483
695,1,1,0.0016574264,0.9856858
696,1,1,0.008658588,0.9786928
697,1,0,-0.0046626925,0.89701396
698,1,1,0.0015335083,0.8460992
699,1,1,-0.01174897,0.8708235
700,0,0,-0.012223244,0.90171754
701,0,1,0.04148169,0.24603215
702,1,0,0.008854866,0.9069941
703,1,1,0.024510503,0.77744836
704,1,0,-0.021602899,0.4984072
705,1,0,-0.019544244,0.7998073
706,0,1,0.050575465,0.20622781
707,0,0,-0.013710335,0.15689544
708,1,0,-0.033374667,0.8438746
709,1,1,0.0206815,0.9479646
710,1,1,0.0035514235,0.92742026
711,0,0,-0.004959263,0.04391874
712,1,1,0.0013996363,0.9949137
713,1,1,0.02031374,0.97211164
714,0,1,0.025818218,0.08406848
715,1,1,0.005180478,0.949362
716,1,1,-7.647276e-05,0.988064
717,1,1,0.013128698,0.86406076
718,1,1,0.0019633174,0.9416092
719,1,1,0.054039538,0.9003488
720,0,1,0.016871646,0.23425113
721,0,0,-0.013079561,0.07641449
722,0,0,-0.067848116,0.14705198
723,1,0,0.004329622,0.8240231
724,0,0,-0.0536412,0.178929
725,1,0,-0.0032904148,0.9838418
726,1,1,-0.0020225048,0.9781944
727,0,0,0.005331002,0.12781495
728,0,0,-4.7452748e-05,0.019274063
729,1,1,0.005746782,0.93749815
730,1,1,0.02771157,0.623598
731,0,1,0.09426069,0.6991978
732,1,0,-0.0046521425,0.9599125
733,1,0,-0.0017308593,0.9866723
734,1,0,-0.0017071962,0.9853536
735,1,0,-0.051219523,0.70942926
736,0,0,-0.018038154,0.11800711
737,1,1,0.066802084,0.34534436
738,1,1,0.019461572,0.91325045
739,0,0,-0.023552462,0.09788114
740,1,1,0.045749724,0.62299156
741,1,1,0.06463081,0.879106
742,1,1,-0.00044590235,0.9918282
743,1,1,0.1260401,0.70722735
744,1,1,0.039438844,0.90556496
745,1,1,0.007633269,0.950172
746,1,0,0.017001808,0.7652462
747,0,0,-0.050068483,0.20137031
748,1,1,0.0030700564,0.990697
749,1,1,0.0007676482,0.9931437
750,1,0,-0.012573481,0.8062457
751,0,0,-0.009461984,0.121972516
752,1,0,-0.01636821,0.90042335
753,1,0,-0.008020818,0.8661767
754,0,1,-0.070760965,0.56845
755,0,0,-0.0061718524,0.11909993
756,1,1,0.0016675591,0.97758377
757,0,1,-0.031624258,0.6670899
758,1,1,0.023067534,0.9553468
759,0,1,0.031822085,0.6400712
760,1,0,0.0031458735,0.952952
761,0,0,-0.038031235,0.14201999
762,1,1,0.03490174,0.7882327
763,0,1,0.016124427,0.9572671
764,1,1,0.010972738,0.94887155
765,1,1,0.007347703,0.9634991
766,0,1,0.04216343,0.69154936
767,1,0,-0.003986597,0.98141277
768,1,1,0.0029140115,0.8778949
769,1,1,-0.00019609928,0.99422485
770,1,0,-0.027755022,0.8685924
771,0,0,-0.017634496,0.05099488
772,1,1,0.00024288893,0.9946096
773,1,1,-0.00525403,0.95191824
774,1,1,-0.01553911,0.87571144
775,0,0,-0.016924407,0.052025665
776,1,1,0.0022107959,0.9574152
777,1,0,-0.016121745,0.86410886
778,1,1,0.004146993,0.99267673
779,1,0,0.0138498545,0.9234489
780,0,1,0.03382957,0.30502495
781,1,1,0.00015294552,0.98896056
782,1,1,0.07087231,0.84730035
783,0,0,-0.006974127,0.039659593
784,1,1,0.01991254,0.8031915
785,1,1,0.025204778,0.83803016
786,1,1,-0.0006682873,0.98974496
787,1,1,0.0010399818,0.99490285
788,0,1,0.012803331,0.08083825
789,0,1,0.033203095,0.111546926
790,0,0,0.0024709702,0.729386
791,1,1,0.005931914,0.9847991
792,1,1,0.0037451386,0.98453516
793,1,1,-0.009460747,0.90459365
794,1,1,0.0074088573,0.9589931
795,1,0,-0.0219208,0.59798807
796,0,1,-0.0071326196,0.19841938
797,1,0,-0.0007483363,0.9657878
798,1,1,-0.012200594,0.8786216
799,1,1,0.03259039,0.93485177
800,1,1,-0.020790875,0.8685489
801,1,0,0.0012760162,0.93442625
802,1,0,-0.003150642,0.8407913
803,1,1,-7.1525574e-05,0.9907493
804,1,0,-0.019996285,0.86884445
805,0,1,0.0073681623,0.10948944
806,1,1,0.032753468,0.96279836
807,1,1,-0.00073575974,0.99207836
808,1,1,0.072116256,0.6334708
809,0,0,-0.01641886,0.087157704
810,1,1,0.09590924,0.869776
811,1,1,0.01631093,0.9734133
812,0,1,0.033913136,0.15577562
813,0,1,-0.013598874,0.1900749
814,0,1,0.009076595,0.13707747
815,1,0,0.0009911358,0.09232099
816,1,1,0.0008419752,0.98757124
817,1,0,0.0034478903,0.97194225
818,1,1,0.08226299,0.58355504
819,0,1,0.090466335,0.33317506
820,1,1,0.044297993,0.9493285
821,1,1,-0.0011823773,0.94498616
822,0,1,0.004914403,0.7143239
823,1,1,0.011569738,0.962948
824,1,1,0.009023607,0.9363313
825,1,1,0.018421322,0.42229056
826,0,0,-0.011056997,0.09502154
827,0,1,-0.0010891259,0.29995677
828,0,1,0.024781942,0.16129388
829,1,1,0.039676607,0.87176824
830,1,1,0.00087082386,0.8692475
831,0,0,-0.0015079062,0.02985297
832,0,1,0.0036947243,0.030626053
833,1,0,0.0018358231,0.9115506
834,0,0,-0.05419019,0.47667798
835,0,1,-0.004734613,0.120687254
836,1,0,0.004203558,0.82854736
837,1,0,-0.021949947,0.9138673
838,1,1,-0.008125603,0.92095023
839,1,1,0.0019661188,0.9752195
840,0,1,0.049101472,0.22951967
841,1,1,0.03234893,0.9550875
842,0,0,-0.07848486,0.4592251
843,1,1,-0.011746049,0.8930559
844,1,1,-0.008909047,0.8842862
845,1,1,0.0035053492,0.97371495
846,0,1,-0.0079267025,0.26102686
847,1,1,0.120939314,0.7671462
848,1,1,0.003344059,0.90504366
849,0,1,0.0066215694,0.3119245
850,0,1,0.0019489676,0.10065432
851,1,1,0.00030136108,0.99640673
852,1,1,-0.0015018582,0.96664107
853,0,1,0.0034122057,0.031165441
854,1,1,0.028300047,0.75584555
855,1,1,0.044063985,0.92271096
856,1,0,-0.0014292598,0.9714883
857,1,1,0.008874714,0.9575428
858,0,0,-0.03132707,0.21413267
859,1,1,0.010515988,0.9799533
860,1,1,0.0045312643,0.99449205
861,0,1,0.03148979,0.65024126
862,0,0,-0.04511708,0.2829499
863,1,1,0.027640402,0.9398672
864,0,1,0.1026285,0.48441362
865,1,0,0.0014548302,0.9027888
866,1,0,0.009994745,0.7436043
867,1,1,-0.003691256,0.959725
868,1,1,0.026634872,0.8928813
869,1,0,-0.0146564245,0.29821908
870,1,0,-0.008273184,0.9449293
871,1,1,0.0021683574,0.9851171
872,1,1,0.036617458,0.87319565
873,1,0,-0.01982212,0.9111187
874,1,1,0.016581297,0.9342121
875,1,0,-0.00037109852,0.9334525
876,1,1,0.028830528,0.6177512
877,1,1,0.008669198,0.92205316
878,0,1,0.050848067,0.21766871
879,1,1,0.0017334223,0.99048084
880,1,1,0.015929282,0.96296966
881,1,1,0.028039694,0.8362056
882,1,1,0.015135825,0.9415555
883,1,0,0.0026342273,0.98779404
884,0,1,0.009061694,0.46084812
885,0,0,0.024209976,0.19463839
886,1,1,0.00285542,0.97610223
887,0,1,0.011590552,0.062757984
888,1,1,0.050904095,0.86538696
889,1,1,0.04110062,0.91501135
890,1,1,-0.0023249388,0.68742466
891,1,1,-0.0012585521,0.99264294
892,1,1,0.0068235397,0.87002456
893,1,1,0.041238606,0.91301644
894,1,1,0.0011611581,0.98131543
895,1,1,0.007320702,0.98939997
896,1,0,-0.009151459,0.8297664
897,1,0,-8.481741e-05,0.9939599
898,1,0,-0.004134953,0.9646785
899,0,1,0.0018183887,0.4342346
900,0,1,-0.040392697,0.31294468
901,1,1,0.0031471252,0.98135775
902,1,1,0.0055617094,0.98153496
903,1,1,0.0041471124,0.96965706
904,1,1,0.011265278,0.94838494
905,1,1,0.044908404,0.8954259
906,1,1,0.036866426,0.9114463
907,1,1,0.022892594,0.8961424
908,1,0,-0.0028162599,0.94102657
909,1,0,-0.011048496,0.95090723
910,1,0,-0.030789971,0.73012275
911,0,0,-0.034241617,0.5097107
912,1,0,0.0011714101,0.958686
913,1,1,0.0034466386,0.9889206
914,0,1,0.014303826,0.13205916
915,0,0,-0.028412342,0.12774338
916,1,1,0.0067658424,0.98825186
917,0,1,0.0018393919,0.052445434
918,0,1,0.003960222,0.33324125
919,0,1,0.012955606,0.724247
920,1,0,-0.015966892,0.85356337
921,1,1,0.014570475,0.9579435
922,0,0,0.00082039833,0.33198994
923,1,1,0.026226282,0.7637387
924,0,1,-0.0028942227,0.16552578
925,0,1,0.0017226934,0.045870982
926,1,0,0.000104904175,0.84236
927,0,1,0.05336921,0.302822
928,1,1,-0.0032467246,0.9833924
929,1,1,0.07943684,0.64361066
930,1,1,0.03308028,0.7725771
931,0,0,4.6163797e-05,0.26108825
932,1,1,0.015591443,0.97382826
933,1,1,-0.0012296438,0.9853822
934,1,0,0.022642672,0.71313024
935,0,1,0.022187531,0.11649426
936,0,0,-0.10006261,0.497638
937,1,1,0.038743854,0.83553743
938,0,1,0.019137103,0.08104368
939,1,1,0.006026149,0.9791253
940,1,1,0.002546668,0.95209724
941,1,1,0.020260692,0.9744264
942,1,1,0.01997912,0.86123145
943,1,1,0.0010501146,0.9945004
944,1,0,0.0099515915,0.8963071
945,1,0,-0.029427648,0.6915257
946,0,1,0.035262957,0.23132268
947,1,1,0.00271523,0.9697347
948,0,1,-0.025991917,0.5691187
949,0,1,0.0058901906,0.8695823
950,1,1,0.0019270182,0.88562286
951,0,1,-0.010158479,0.14520319
952,0,0,-0.02739358,0.8505167
953,0,0,-0.021706179,0.07850641
954,1,0,-0.020748258,0.70879775
955,1,0,0.006022036,0.9655794
956,1,1,-0.0010649562,0.9657741
957,1,1,0.0049564242,0.9845217
958,0,1,0.044299513,0.31673312
959,1,1,0.040261567,0.85955054
960,1,1,0.0039047003,0.98669714
961,1,1,-0.028053641,0.38651282
962,1,1,0.015569866,0.9391727
963,0,1,-0.003639698,0.7186069
964,1,1,0.079019606,0.63919854
965,1,0,0.00056517124,0.90110046
966,0,1,0.01858458,0.35046965
967,1,0,0.012119949,0.9387858
968,1,1,0.0051790476,0.9720499
969,1,1,0.012180686,0.9696604
970,1,1,0.061451614,0.86164284
971,1,1,0.02979654,0.77272326
972,0,0,-0.0038163997,0.04273077
973,0,1,0.0043171663,0.023895785
974,1,0,-0.00096035004,0.9411866
975,1,0,0.024924695,0.8763834
976,1,0,-0.00019520521,0.9691609
977,1,1,0.00073075294,0.93550396
978,0,1,-0.020168751,0.4449438
979,0,1,0.01142538,0.056721903
980,0,1,0.013450921,0.3616525
981,0,1,0.05646661,0.24220149
982,1,0,-0.008071303,0.88893926
983,0,1,0.06620723,0.3378997
984,1,1,0.0040338635,0.95904005
985,1,0,-0.002854526,0.898961
986,1,1,0.030457318,0.7624679
987,1,0,0.0014246702,0.9861799
988,1,1,0.06480026,0.8818132
989,1,1,-0.02222377,0.81731313
990,1,1,0.00037276745,0.95150006
991,1,1,0.015529573,0.8849818
992,1,1,-0.004489839,0.84776163
993,1,1,0.086224556,0.73646134
994,1,1,-0.00057286024,0.98394185
995,1,0,-0.008336961,0.96186143
996,1,1,0.023076892,0.909726
997,1,1,-0.002853036,0.91762924
998,0,1,0.006378513,0.05253386
999,1,1,0.03463924,0.9298555
